concept,values,type
EXPERIMENT_PACKAGE.SAMPLE.accession,"['SRS11177707', 'SRS11177708']",id
EXPERIMENT_PACKAGE.RUN_SET.RUN.Pool.Member.member_name,[''],string
BioSampleSet.BioSample.Links.Link.type,"['entrez', 'url']",string
EXPERIMENT_PACKAGE.RUN_SET.RUN.SRAFiles.SRAFile.date,"['2021-11-29 13:49:42', '2021-11-29 13:49:44', '2021-11-29 13:49:47', '2021-11-29 13:49:49', '2021-11-29 13:49:52', '2021-11-29 13:49:58', '2022-07-29 07:36:19', '2022-08-12 13:32:49']",date
EXPERIMENT_PACKAGE.RUN_SET.RUN.total_bases,"['18036856', '24074033']",integer
EXPERIMENT_PACKAGE.RUN_SET.RUN.SRAFiles.SRAFile.md5,"['195d6d65ad6c598b7bdc46d2c3c8026f', '26c6c27bedc00dc295b036f078522188', '435ae12315e201fab8aa56c09be18f94', 'c6ad93249f2ef0807768b239fd77a0a6', 'c71ac11c118c24215a3b16953d70da94', 'dd9c844cf65de6d204ee4af54f74c0da', 'f0fb700997b9d27e17f0bf0b9aac5b5d', 'f79205f53577b503cefac7dc210782ff']",string
BioSampleSet.BioSample.Status.status,['live'],string
EXPERIMENT_PACKAGE.EXPERIMENT.PLATFORM.ILLUMINA.INSTRUMENT_MODEL.@value,['Illumina MiSeq'],string
BioSampleSet.BioSample.publication_date,['2021-10-09T00:00:00.000'],date
EXPERIMENT_PACKAGE.RUN_SET.RUN.Statistics.nreads,['2'],integer
EXPERIMENT_PACKAGE.STUDY.DESCRIPTOR.CENTER_PROJECT_NAME.@value,['Gut and oral microbiome of healthy control and COVID cases in Bangladesh'],string
EXPERIMENT_PACKAGE.SAMPLE.IDENTIFIERS.SUBMITTER_ID.@value,"['COVO142', 'COVO143']",string
EXPERIMENT_PACKAGE.STUDY.IDENTIFIERS.PRIMARY_ID.@value,['SRP348427'],id
BioSampleSet.BioSample.Attributes.Attribute.attribute_name,"['cell type', 'disease  state', 'disease phase', 'disease severity', 'library', 'patient id', 'source_name']",string
EXPERIMENT_PACKAGE.RUN_SET.RUN.Statistics.Read.index,"['0', '1']",string
EXPERIMENT_PACKAGE.Organization.Contact.Address.Country.@value,['Bangladesh'],country
EXPERIMENT_PACKAGE.Pool.Member.tax_id,['1227552'],id
EXPERIMENT_PACKAGE.RUN_SET.bytes,"['10178453', '13654857']",integer
EXPERIMENT_PACKAGE.RUN_SET.RUN.has_taxanalysis,['1'],string
EXPERIMENT_PACKAGE.Pool.Member.IDENTIFIERS.PRIMARY_ID.@value,"['SRS11177707', 'SRS11177708']",id
EXPERIMENT_PACKAGE.EXPERIMENT.DESIGN.LIBRARY_DESCRIPTOR.LIBRARY_STRATEGY.@value,['AMPLICON'],string
EXPERIMENT_PACKAGE.RUN_SET.RUN.IDENTIFIERS.SUBMITTER_ID.@value,"['COVO142_R1.fastq', 'COVO143_R1.fastq']",id
EXPERIMENT_PACKAGE.Pool.Member.bases,"['18036856', '24074033']",string
EXPERIMENT_PACKAGE.RUN_SET.RUN.CloudFiles.CloudFile.location,"['gs.US', 's3.us-east-1']",string
EXPERIMENT_PACKAGE.EXPERIMENT.IDENTIFIERS.PRIMARY_ID.@value,"['SRX13254968', 'SRX13254969']",id
EXPERIMENT_PACKAGE.RUN_SET.RUN.alias,"['COVO142_R1.fastq', 'COVO143_R1.fastq']",string
EXPERIMENT_PACKAGE.Pool.Member.member_name,[''],string
EXPERIMENT_PACKAGE.EXPERIMENT.DESIGN.SAMPLE_DESCRIPTOR.IDENTIFIERS.PRIMARY_ID.@value,"['SRS11177707', 'SRS11177708']",id
BioSampleSet.BioSample.Owner.Contacts.Contact.Name.Last.@value,['Blüthgen'],string
EXPERIMENT_PACKAGE.EXPERIMENT.DESIGN.SAMPLE_DESCRIPTOR.accession,"['SRS11177707', 'SRS11177708']",id
EXPERIMENT_PACKAGE.RUN_SET.RUN.Pool.Member.IDENTIFIERS.EXTERNAL_ID.@value,"['SAMN21987334', 'SAMN21987335']",id
BioSampleSet.BioSample.accession,"['SAMN22161963', 'SAMN22161964']",string
EXPERIMENT_PACKAGE.EXPERIMENT.STUDY_REF.IDENTIFIERS.EXTERNAL_ID.@value,['PRJNA767939'],id
EXPERIMENT_PACKAGE.RUN_SET.RUN.Pool.Member.organism,['oral metagenome'],string
EXPERIMENT_PACKAGE.RUN_SET.RUN.CloudFiles.CloudFile.provider,"['gs', 's3']",string
EXPERIMENT_PACKAGE.EXPERIMENT.accession,"['SRX13254968', 'SRX13254969']",id
EXPERIMENT_PACKAGE.Organization.Address.Country.@value,['Bangladesh'],country
EXPERIMENT_PACKAGE.RUN_SET.RUN.EXPERIMENT_REF.accession,"['SRX13254968', 'SRX13254969']",id
EXPERIMENT_PACKAGE.RUN_SET.RUN.CloudFiles.CloudFile.filetype,"['fastq', 'run', 'run.zq']",string
BioSampleSet.BioSample.Links.Link.@value,"['\n                https://www.ncbi.nlm.nih.gov/geo/query/acc.cgi?acc=GSM5618558\n            ', '732416', 'https://www.ncbi.nlm.nih.gov/geo/query/acc.cgi?acc=GSM5618557']",string
EXPERIMENT_PACKAGE.EXPERIMENT.DESIGN.SAMPLE_DESCRIPTOR.IDENTIFIERS.EXTERNAL_ID.namespace,['BioSample'],string
EXPERIMENT_PACKAGE.Organization.Contact.Address.City.@value,['Sylhet'],city
EXPERIMENT_PACKAGE.EXPERIMENT.STUDY_REF.IDENTIFIERS.PRIMARY_ID.@value,['SRP348427'],id
EXPERIMENT_PACKAGE.RUN_SET.RUN.is_public,['true'],string
BioSampleSet.BioSample.Description.Organism.taxonomy_id,['9606'],id
BioSampleSet.BioSample.Package.@value,['Generic.1.0'],string
EXPERIMENT_PACKAGE.Organization.Address.City.@value,['Sylhet'],city
EXPERIMENT_PACKAGE.Organization.url,['http://www.sust.edu/'],URL
EXPERIMENT_PACKAGE.Organization.Contact.Address.Department.@value,['Genetic Engineering and Biotechnology'],string
EXPERIMENT_PACKAGE.Organization.Address.postal_code,['3114'],string
EXPERIMENT_PACKAGE.RUN_SET.RUN.IDENTIFIERS.SUBMITTER_ID.label,"['72', '73']",string
EXPERIMENT_PACKAGE.RUN_SET.RUN.Pool.Member.bases,"['18036856', '24074033']",string
EXPERIMENT_PACKAGE.RUN_SET.RUN.Databases.Database.Table.Statistics.Rows.count,"['32444', '42366']",integer
EXPERIMENT_PACKAGE.RUN_SET.RUN.IDENTIFIERS.PRIMARY_ID.@value,"['SRR17066270', 'SRR17066271']",id
EXPERIMENT_PACKAGE.RUN_SET.RUN.Pool.Member.accession,"['SRS11177707', 'SRS11177708']",id
BioSampleSet.BioSample.last_update,"['2021-10-09T01:52:17.612', '2021-10-09T01:52:17.993']",date
EXPERIMENT_PACKAGE.RUN_SET.RUN.Databases.Database.Table.Statistics.Elements.count,"['18036856', '24074033']",integer
BioSampleSet.BioSample.Ids.Id.is_primary,['1'],string
BioSampleSet.BioSample.Package.display_name,['Generic'],string
EXPERIMENT_PACKAGE.Organization.Name.@value,['Shahjalal University of Science and Technology'],string
EXPERIMENT_PACKAGE.RUN_SET.RUN.SRAFiles.SRAFile.Alternatives.free_egress,"['-', 'gs.US', 's3.us-east-1', 'worldwide']",string
EXPERIMENT_PACKAGE.SUBMISSION.IDENTIFIERS.SUBMITTER_ID.namespace,['Shahjalal University of Science and Technology'],string
BioSampleSet.BioSample.Description.Title.@value,"['Covid 39 acute phase Tcells', 'Covid 39 convalescent PBMC']",string
BioSampleSet.BioSample.Attributes.Attribute.harmonized_name,"['cell_type', 'disease', 'source_name']",string
EXPERIMENT_PACKAGE.SAMPLE.IDENTIFIERS.EXTERNAL_ID.namespace,['BioSample'],string
EXPERIMENT_PACKAGE.RUN_SET.RUN.SRAFiles.SRAFile.version,['1'],string
BioSampleSet.BioSample.Attributes.Attribute.display_name,"['cell type', 'disease', 'source name']",string
EXPERIMENT_PACKAGE.Organization.Contact.Address.postal_code,['3114'],string
BioSampleSet.BioSample.Status.when,"['2021-10-09T00:50:11.560', '2021-10-09T00:50:11.573']",date
EXPERIMENT_PACKAGE.EXPERIMENT.alias,"['COVID oral_21', 'COVID oral_22']",string
EXPERIMENT_PACKAGE.Organization.Contact.Address.Street.@value,['Kumargaon road'],string
BioSampleSet.BioSample.id,"['22161963', '22161964']",id
EXPERIMENT_PACKAGE.RUN_SET.RUN.EXPERIMENT_REF.IDENTIFIERS.SUBMITTER_ID.namespace,['SUB10731583'],id
EXPERIMENT_PACKAGE.Pool.Member.IDENTIFIERS.EXTERNAL_ID.namespace,['BioSample'],string
EXPERIMENT_PACKAGE.SUBMISSION.center_name,['Shahjalal University of Science and Technology'],string
EXPERIMENT_PACKAGE.RUN_SET.RUN.SRAFiles.SRAFile.semantic_name,"['SRA Lite', 'SRA Normalized', 'fastq']",string
EXPERIMENT_PACKAGE.RUN_SET.bases,"['18036856', '24074033']",integer
EXPERIMENT_PACKAGE.RUN_SET.RUN.Databases.Database.Table.Statistics.source,['meta'],string
EXPERIMENT_PACKAGE.STUDY.alias,['PRJNA767939'],id
BioSampleSet.BioSample.Ids.Id.@value,"['GSM5618557', 'GSM5618558', 'SAMN22161963', 'SAMN22161964']",id
BioSampleSet.BioSample.Owner.Contacts.Contact.Name.First.@value,['Nils'],string
EXPERIMENT_PACKAGE.RUN_SET.RUN.Bases.cs_native,['false'],string
EXPERIMENT_PACKAGE.RUN_SET.RUN.static_data_available,['1'],integer
EXPERIMENT_PACKAGE.Pool.Member.accession,"['SRS11177707', 'SRS11177708']",id
EXPERIMENT_PACKAGE.Pool.Member.organism,['oral metagenome'],string
BioSampleSet.BioSample.submission_date,"['2021-10-08T13:03:03.270', '2021-10-08T13:03:03.580']",date
EXPERIMENT_PACKAGE.STUDY.center_name,['BioProject'],string
EXPERIMENT_PACKAGE.RUN_SET.RUN.SRAFiles.SRAFile.Alternatives.access_type,"['Use Cloud Data Delivery', 'anonymous', 'aws identity', 'gcp identity']",string
EXPERIMENT_PACKAGE.RUN_SET.RUN.size,"['10178453', '13654857']",integer
EXPERIMENT_PACKAGE.EXPERIMENT.DESIGN.DESIGN_DESCRIPTION.@value,['Illumina 16S protocol'],string
BioSampleSet.BioSample.Links.Link.target,['bioproject'],string
EXPERIMENT_PACKAGE.RUN_SET.RUN.IDENTIFIERS.SUBMITTER_ID.namespace,['SUB10731583'],id
EXPERIMENT_PACKAGE.RUN_SET.RUN.Bases.Base.value,"['A', 'C', 'G', 'N', 'T']",string
EXPERIMENT_PACKAGE.RUN_SET.RUN.Databases.Database.Table.name,['SEQUENCE'],string
EXPERIMENT_PACKAGE.RUN_SET.RUN.Bases.count,"['18036856', '24074033']",integer
EXPERIMENT_PACKAGE.SUBMISSION.lab_name,['Genetic Engineering and Biotechnology'],string
EXPERIMENT_PACKAGE.Organization.Contact.sec_email,['faisalron04@gmail.com'],mail
EXPERIMENT_PACKAGE.RUN_SET.RUN.cluster_name,['public'],string
EXPERIMENT_PACKAGE.SAMPLE.alias,"['COVO142', 'COVO143']",string
EXPERIMENT_PACKAGE.RUN_SET.RUN.published,"['2021-11-29 13:53:03', '2021-11-29 13:54:47']",date
EXPERIMENT_PACKAGE.SAMPLE.IDENTIFIERS.SUBMITTER_ID.namespace,['pda|faisalron04'],string
EXPERIMENT_PACKAGE.Pool.Member.sample_name,"['COVO142', 'COVO143']",string
EXPERIMENT_PACKAGE.RUN_SET.RUN.Pool.Member.sample_name,"['COVO142', 'COVO143']",string
EXPERIMENT_PACKAGE.Organization.Contact.Name.Last.@value,['FOYSAL'],string
BioSampleSet.BioSample.Description.Organism.OrganismName.@value,['Homo sapiens'],string
EXPERIMENT_PACKAGE.RUN_SET.RUN.EXPERIMENT_REF.IDENTIFIERS.SUBMITTER_ID.@value,"['COVID oral_21', 'COVID oral_22']",string
EXPERIMENT_PACKAGE.STUDY.DESCRIPTOR.STUDY_TITLE.@value,['Gut and oral microbiome of healthy control and COVID cases in Bangladesh Metagenome'],string
BioSampleSet.BioSample.Links.Link.label,"['GEO Sample GSM5618557', 'GEO Sample GSM5618558', 'PRJNA732416']",string
EXPERIMENT_PACKAGE.RUN_SET.RUN.SRAFiles.SRAFile.filename,"['COVO142_R1.fastq', 'COVO142_R2.fastq', 'COVO143_R1.fastq', 'COVO143_R2.fastq', 'SRR17066270', 'SRR17066270.lite', 'SRR17066271', 'SRR17066271.lite']",string
EXPERIMENT_PACKAGE.EXPERIMENT.DESIGN.SAMPLE_DESCRIPTOR.IDENTIFIERS.EXTERNAL_ID.@value,"['SAMN21987334', 'SAMN21987335']",id
EXPERIMENT_PACKAGE.RUN_SET.RUN.Statistics.Read.average,"['277.64', '278.30', '283.96', '284.28']",integer
EXPERIMENT_PACKAGE.RUN_SET.RUN.SRAFiles.SRAFile.url,"['https://sra-downloadb.be-md.ncbi.nlm.nih.gov/sos2/sra-pub-zq-20/SRR017/17066/SRR17066270/SRR17066270.lite.1', 'https://sra-downloadb.be-md.ncbi.nlm.nih.gov/sos2/sra-pub-zq-20/SRR017/17066/SRR17066271/SRR17066271.lite.1', 'https://sra-pub-run-odp.s3.amazonaws.com/sra/SRR17066270/SRR17066270', 'https://sra-pub-run-odp.s3.amazonaws.com/sra/SRR17066271/SRR17066271']",URL
EXPERIMENT_PACKAGE.EXPERIMENT.STUDY_REF.accession,['SRP348427'],id
EXPERIMENT_PACKAGE.EXPERIMENT.STUDY_REF.IDENTIFIERS.EXTERNAL_ID.namespace,['BioProject'],string
EXPERIMENT_PACKAGE.RUN_SET.RUN.Statistics.Read.count,"['32444', '42366']",integer
EXPERIMENT_PACKAGE.STUDY.DESCRIPTOR.STUDY_TYPE.existing_study_type,['Metagenomics'],string
EXPERIMENT_PACKAGE.RUN_SET.RUN.total_spots,"['32444', '42366']",integer
EXPERIMENT_PACKAGE.STUDY.IDENTIFIERS.EXTERNAL_ID.namespace,['BioProject'],string
BioSampleSet.BioSample.Attributes.Attribute.@value,"['22_39_PBMC_5', '22_39_Tcells_5', 'CD38+ T\n                cells\n            ', 'CD38+ T cells\n            ', 'CV', 'CV_severe_acute_39', 'CV_severe_convalescent_39', 'PBMC', 'acute', 'convalescent', 'severe']",string
EXPERIMENT_PACKAGE.Organization.type,['institute'],string
EXPERIMENT_PACKAGE.SAMPLE.SAMPLE_ATTRIBUTES.SAMPLE_ATTRIBUTE.TAG.@value,"['BioSampleModel', 'collection_date', 'geo_loc_name', 'host', 'isolation_source', 'lat_lon']",string
EXPERIMENT_PACKAGE.Organization.Contact.email,['mjfoysal-geb@sust.edu'],mail
EXPERIMENT_PACKAGE.EXPERIMENT.DESIGN.LIBRARY_DESCRIPTOR.LIBRARY_SELECTION.@value,['PCR'],string
EXPERIMENT_PACKAGE.Organization.Contact.Name.First.@value,['MD JAVED'],string
EXPERIMENT_PACKAGE.Organization.Address.Institution.@value,['Shahjalal University of Science and Technology'],string
EXPERIMENT_PACKAGE.STUDY.IDENTIFIERS.EXTERNAL_ID.label,['primary'],string
EXPERIMENT_PACKAGE.RUN_SET.RUN.accession,"['SRR17066270', 'SRR17066271']",id
EXPERIMENT_PACKAGE.RUN_SET.RUN.Bases.Base.count,"['0', '4220660', '4239004', '4697367', '4879825', '5603363', '5617554', '6293269', '6559847']",integer
EXPERIMENT_PACKAGE.EXPERIMENT.DESIGN.LIBRARY_DESCRIPTOR.LIBRARY_SOURCE.@value,['METAGENOMIC'],string
EXPERIMENT_PACKAGE.RUN_SET.RUN.Pool.Member.tax_id,['1227552'],id
EXPERIMENT_PACKAGE.SAMPLE.SAMPLE_NAME.SCIENTIFIC_NAME.@value,['oral metagenome'],string
EXPERIMENT_PACKAGE.RUN_SET.runs,['1'],integer
EXPERIMENT_PACKAGE.RUN_SET.RUN.SRAFiles.SRAFile.Alternatives.url,"['gs://sra-pub-zq-4/SRR17066270/SRR17066270.lite.1', 'gs://sra-pub-zq-5/SRR17066271/SRR17066271.lite.1', 'https://sra-downloadb.be-md.ncbi.nlm.nih.gov/sos2/sra-pub-zq-20/SRR017/17066/SRR17066270/SRR17066270.lite.1', 'https://sra-downloadb.be-md.ncbi.nlm.nih.gov/sos2/sra-pub-zq-20/SRR017/17066/SRR17066271/SRR17066271.lite.1', 'https://sra-pub-run-odp.s3.amazonaws.com/sra/SRR17066270/SRR17066270', 'https://sra-pub-run-odp.s3.amazonaws.com/sra/SRR17066271/SRR17066271', 's3://sra-pub-src-10/SRR17066270/COVO143_R1.fastq.1', 's3://sra-pub-src-10/SRR17066270/COVO143_R2.fastq.1', 's3://sra-pub-src-13/SRR17066271/COVO142_R1.fastq.1', 's3://sra-pub-src-13/SRR17066271/COVO142_R2.fastq.1', 's3://sra-pub-zq-5/SRR17066270/SRR17066270.lite.1', 's3://sra-pub-zq-7/SRR17066271/SRR17066271.lite.1']",URL
EXPERIMENT_PACKAGE.SAMPLE.IDENTIFIERS.EXTERNAL_ID.@value,"['SAMN21987334', 'SAMN21987335']",id
EXPERIMENT_PACKAGE.STUDY.DESCRIPTOR.STUDY_ABSTRACT.@value,['Dysbiosis of oral and gut microbiome in SARS-CoV-2 infected patients in Bangladesh: Exploring the role of opportunistic gut microbes'],string
EXPERIMENT_PACKAGE.RUN_SET.RUN.load_done,['true'],string
EXPERIMENT_PACKAGE.STUDY.accession,['SRP348427'],id
EXPERIMENT_PACKAGE.RUN_SET.RUN.Pool.Member.IDENTIFIERS.PRIMARY_ID.@value,"['SRS11177707', 'SRS11177708']",id
EXPERIMENT_PACKAGE.RUN_SET.RUN.Pool.Member.spots,"['32444', '42366']",string
EXPERIMENT_PACKAGE.RUN_SET.RUN.SRAFiles.SRAFile.size,"['10180281', '13656684', '20429324', '20472000', '27213016', '27239378', '4712512', '6250443']",integer
EXPERIMENT_PACKAGE.Pool.Member.spots,"['32444', '42366']",string
EXPERIMENT_PACKAGE.SUBMISSION.alias,['SUB10731583'],id
EXPERIMENT_PACKAGE.EXPERIMENT.TITLE.@value,['16S rRNA sequence of oral_COVID'],string
BioSampleSet.BioSample.Owner.Contacts.Contact.email,['nils.bluethgen@charite.de'],mail
EXPERIMENT_PACKAGE.SAMPLE.SAMPLE_NAME.TAXON_ID.@value,['1227552'],id
BioSampleSet.BioSample.Description.Organism.taxonomy_name,['Homo sapiens'],string
EXPERIMENT_PACKAGE.Pool.Member.IDENTIFIERS.EXTERNAL_ID.@value,"['SAMN21987334', 'SAMN21987335']",id
EXPERIMENT_PACKAGE.Organization.Address.Department.@value,['Genetic Engineering and Biotechnology'],string
BioSampleSet.BioSample.Models.Model.@value,['Generic'],string
EXPERIMENT_PACKAGE.RUN_SET.spots,"['32444', '42366']",integer
EXPERIMENT_PACKAGE.SUBMISSION.IDENTIFIERS.PRIMARY_ID.@value,['SRA1336121'],id
EXPERIMENT_PACKAGE.SAMPLE.IDENTIFIERS.PRIMARY_ID.@value,"['SRS11177707', 'SRS11177708']",id
EXPERIMENT_PACKAGE.SAMPLE.IDENTIFIERS.SUBMITTER_ID.label,['Sample name'],string
EXPERIMENT_PACKAGE.EXPERIMENT.DESIGN.LIBRARY_DESCRIPTOR.LIBRARY_NAME.@value,"['COVID oral_21', 'COVID oral_22']",string
BioSampleSet.BioSample.Owner.Name.@value,"['Institute of Pathology, Charite Universitätsmedizin Berlin']",string
BioSampleSet.BioSample.Ids.Id.db,"['BioSample', 'GEO']",string
EXPERIMENT_PACKAGE.RUN_SET.RUN.SRAFiles.SRAFile.supertype,"['Original', 'Primary ETL']",string
EXPERIMENT_PACKAGE.Organization.Contact.Address.Institution.@value,['Shahjalal University of Science and Technology'],string
EXPERIMENT_PACKAGE.SUBMISSION.accession,['SRA1336121'],id
EXPERIMENT_PACKAGE.RUN_SET.RUN.SRAFiles.SRAFile.Alternatives.org,"['AWS', 'GCP', 'NCBI']",string
EXPERIMENT_PACKAGE.STUDY.IDENTIFIERS.EXTERNAL_ID.@value,['PRJNA767939'],id
EXPERIMENT_PACKAGE.RUN_SET.RUN.SRAFiles.SRAFile.sratoolkit,"['0', '1']",string
EXPERIMENT_PACKAGE.RUN_SET.RUN.SRAFiles.SRAFile.cluster,['public'],string
EXPERIMENT_PACKAGE.Organization.Address.Street.@value,['Kumargaon road'],string
BioSampleSet.BioSample.access,['public'],string
EXPERIMENT_PACKAGE.SUBMISSION.IDENTIFIERS.SUBMITTER_ID.@value,['SUB10731583'],id
EXPERIMENT_PACKAGE.RUN_SET.RUN.Statistics.Read.stdev,"['50.30', '51.09', '57.42', '58.40']",integer
EXPERIMENT_PACKAGE.SAMPLE.SAMPLE_ATTRIBUTES.SAMPLE_ATTRIBUTE.VALUE.@value,"['2020-09-29', '2020-09-30', '22.3407 N 91.8377 E', 'Bangladesh: Chattogram', 'Homo sapiens', 'Homo sapiens_COVID oral', 'Metagenome or environmental']",date
EXPERIMENT_PACKAGE.RUN_SET.RUN.Pool.Member.IDENTIFIERS.EXTERNAL_ID.namespace,['BioSample'],string
EXPERIMENT_PACKAGE.RUN_SET.RUN.Statistics.nspots,"['32444', '42366']",integer